Fic number,Character name,Times mentioned
0,Beelzebub was,3
0,Beelzebub continued,1
0,Dagon was,1
0,Dagon -,1
0,"‘ Oh,",1
0,Crowley ’s,15
0,Hell was,1
0,Lucifer held,1
0,Downstairs told,1
0,Gabe ’drop,1
0,Couldn ’t,1
0,Gabriel did,1
0,Dunno .,1
0,"Angel ,",2
0,"Alright ,",1
0,Just the,2
0,"Okay ,",1
0,Don ’t,5
0,Crowley threw,1
0,Candy Crushfor,1
0,Aziraphale was,4
0,Quite literally,1
0,Tennyson –that,1
0,Aziraphale turned,2
0,Crowley was,4
0,Aziraphale took,1
0,Mind by,1
0,"Darling ,",2
0,Tennysons. ’‘I,1
0,Tennyson. ’‘You,1
0,Earth. ’Beelzebubcouldn,1
0,"Hell ,",1
0,Asmodeous did,1
0,Surprizzze me.’,1
0,Yeah .,1
0,"‘ Well,",7
0,’ Beelzebubmurmured,1
0,Dagon had,1
0,Crowley had,6
0,Hell ’,1
0,Jury and,1
0,Lucifer was,1
0,Asmodeus was,1
0,Baal had,1
0,Marax had,1
0,Astaroth always,1
0,Murmur drew,1
0,Crowley blasted,1
0,Fuck ’s,1
0,Crowley couldn,1
0,St Emillionat,1
0,Crowley sighed,1
0,Oh yes,1
0,Bookshop locked,1
0,Aziraphale commented,1
0,Crowley mumbled,1
0,Crowley deemed,1
0,Aziraphale deemed,1
0,Crowley fought,1
0,Aziraphale very,1
0,Maybe think,1
0,’ Crowleypointed,1
0,’ Crowleydrawled,1
0,Airaphale enjoy,1
0,Well all,1
0,Aziraphale waved,1
0,’ Crowleymoved,1
0,"Oh ,",7
0,’ Aziraphalesaid,5
0,Aziraphale let,1
0,Tennyson. ’‘I,1
0,"Oh God,",1
0,Crowley wiggled,1
0,"Crowley. ’‘Oooo,",1
0,Aziraphale cleared,1
0,Byron had,1
0,Aziraphale thought,1
0,Tenny –as,1
0,"Crowley ,",1
0,"Screw Tennyson.’‘Sorry,",1
0,Crowley did,1
0,Beelzebub thought,1
0,Shouldn ’t,1
0,Michael told,1
0,Beelzebub snorted,1
0,Heaven seemed,1
0,"Yeah ,",1
0,Shut up,1
0,Lucifer is,1
0,Beelzebub felt,1
0,Bee. ’She,1
0,Gabriel completely,1
0,"Um ,",2
0,Aziraphale ’s,5
0,_It was,1
0,Crowley –,1
0,Aziraphale wanted,3
0,Aziraphale could,1
0,Crowley. ’__‘Why,1
0,Crowley closed,1
0,Aziraphale pushed,1
0,Come on,1
0,Aziraphale had,7
0,Aziraphale got,1
0,Aziraphale simply,1
0,God knew,1
0,Crowley also,1
0,’ Crowleysmiled,1
0,Aziraphale seemed,1
0,Crowley stopped,1
0,Aziraphale asked,1
0,"Mhm ,",1
0,"Aziraphale ,",1
0,Aziraphale beamed,1
0,Crowley rolled,1
0,Remember this,1
0,Mmm. ’‘Let’s,1
0,Shepard ’s,1
0,Pie. ’‘I,1
0,Crowley nodded,1
0,Gluttony was,1
0,Gabriel enjoyed,1
0,Beelzebub intoned,1
0,Ian thought,1
0,"‘ Nah,",1
0,Shush. ’__Hefound,1
0,Hmm. ’__Shedidn,1
0,"‘ So,",1
0,Gabriel had,1
0,"Ah ,",1
0,"Bee ,",1
0,Gabe. ’He,1
0,"No ,",1
0,Pub. ’‘Seethe,1
0,Spread. ’‘Some,1
0,Beelzebub came,1
0,Gabriel entered,1
0,Gabriel sat,1
0,Beelzebub started,1
0,Drink up,2
0,Five. ’She,1
0,Cheers. ’,1
0,Ain ’t,1
0,Hmm. ’‘,1
0,Gabriel Fallsbut,1
0,Crowley let,1
0,Must say,1
0,Devil ’s,1
0,"Dyke ,",1
0,Aziraphale though,1
0,Crowley leaned,1
0,Penny for,1
0,’ Aziraphalewas,1
0,Crowley wanted,1
0,Aziraphale realised,1
0,Nostalgic ?,1
0,’ Crowleynodded,1
0,Darling ?,1
0,God Herselfjust,1
0,Darling .,1
0,Aziraphale exclaimed,1
0,spots. ’Crowleychuckled,1
0,angel. ’‘Nono,1
0,Aziraphale cupped,1
0,’ Crowleydid,1
0,Crowley apparently,1
0,’ Crowleysaid,2
0,Tennyson. ’,1
0,Aziraphale knew,1
0,Crowley. ’Crowleysighed,1
0,Perfection. ’Crowleydrew,1
0,Crowley swallowed,1
0,Crowley chuckled,1
0,Neither Heavennor,1
0,Hell. ’***I,1
0,Crowley shot,1
0,Before. ’‘_Oh_.’***_Hecould,1
0,"God Herself,",1
0,Hell. ’‘Yesdarling.’‘I,1
0,Isn ’t,2
0,Mine ’s,1
0,_ _Itwasn,1
0,’ t,1
0,"Lord ,",1
0,"Gabriel ,",2
0,God spoke,1
0,Lord ”and,2
0,Lord ”–you,1
0,Gabriel nodded,1
0,Gabriel left,1
0,Michael had,1
0,Was this,1
0,God said,1
0,Gabe. ’__‘You,1
0,though. ’__‘Hm.,1
0,Peliel laughed,1
0,Virtues were,1
0,Archangel. ’_***He,1
0,"Hi ,",1
0,Bee. ’He,1
0,"‘ Yeah,",2
0,Horrible week,1
0,Before. ’She,1
0,Crowley asked,1
0,’ Crowleyrolled,1
0,Aziraphale did,1
0,"‘ Yes,",1
0,anyway. ’Crowleylooked,1
0,"Mmm ,",1
0,Crowley drank,1
0,Aziraphale answered,1
0,Crowley pointed,1
0,Crowley felt,1
0,though. ’‘You,1
0,Oscar would,1
0,Hello ?,1
0,dear. ’‘Fabulous.,1
0,Crowley gave,1
0,"Yes ,",1
0,everything. ’‘Noworries,1
0,Aziraphale and,1
0,Earl Gray.,1
0,Madame Tracywould,1
0,Name ’s,1
0,Crowley laughed,1
0,"‘ Gertie,",1
0,Aziraphale would,1
0,Reggie would,1
0,Crowley refrained,1
0,Let ’s,1
0,Upstairs was,1
0,Gertrude took,1
0,Sold. ’‘Shouldn’t,1
0,Crowley shouted,1
0,’ Aziraphalesmiled,1
0,Patrick ?,1
0,Aziraphale glanced,1
0,"Myeah ,",1
0,Pub ?,1
0,"Pub. ’‘So,",1
0,Beelzebub looked,1
0,Gabriel who,1
0,Gabriel looked,1
0,’ Beelzebubsaid,1
0,Up. ’She,1
0,Thanks. ’‘You,1
0,Michael. ’Beelzebubfrowned,1
0,"Michael WhatcanIsay,she’sabitch.Gabriel,despitehimself.wasabit,wasn’tshe?_Andthenquicklyrealisedwhathewasdoingandclearedhisthroattryingtoturnhisexpressionintoonewithatleastabitofsemblanceofpropriety.itwastoolate,Beelzebub",1
0,had alreadyspottedthat.seeevenamightythesame.’sawfullynastyofyou._like_it!’Heclearedhisthroatsomemore.likedit?_Thisconversationwasdoingweirdthingstohisnetherregions.shiftedslightlyinhisseat.pouredherselfanotherglassofliftedherelbowtodrapeonthebackofherseatbaringmorechestthannecessary.Gabriel,1
0,"was openlystaring.wasnouseeventryingtoconvincehimselfthiswasanythingelse.imaginedhishandsbeingabletotouchthatporcelainskin,toroamallover,fingersdiggingintohips,hotbreathonhisthroat,teethsinkingintohisshoulderand_oh,thatdidanumberofthingstohim_.mustbeawareoftheeffectshehadonhim.bedoingitonpurpose_.totemptanangellikethat.Problem",1
0,"was ,shewasquitesuccessfulinhertempting.theothersideofthetableBeelzebub",1
0,"was doingsomementalmathematicsabouthowlongershe’dhavetokeepthisshituptogettheangeltounravelcompletely.’snotthatshedidn’tenjoyedit,_ohsheenjoyeditplenty_butshedidmissthecomfortofherusualclothes.thatblessedhoodie.suitwasn’tthemostcomfortablethingandshecouldn’twaittogetridofit.couldfeelhiseyesonherandatleastthatfeltnice.agowhenthosewretcheddemonshadtriedjumpingherithadn’tfeltniceatall.‘",1
0,", well.looksliketherumoursweretrue,afterall.Princeofwhoringherselfupforanangel,’oneofthemhadleeredather.felthershoulderstense.closedhereyes,drewinadeepbreathandtriedtoassesthesituation.werethreeofthem.werelowleveldemonshowever,soshewasfairlycertainshecouldtakethem.theywererightbehindher,inthemouthonanalley.oneelsewasaroundsoshedidn’tneedtoworryherselfwithallofthattediousmemorywiping.buzzedabit,alightwith.wasareasonshehadchosentopresentherselfinfemaleform.thatreasonwasthatthroughoutalloftime,eversincecreationitself,womenhavebeenseenasanecessaryevil.ofthesinsofmankind?,wehaveEvetoblameforthat.awfulmesswiththeWars,anotherwomanthereaswell.onetalkedabouthungrypowergrabsandstrategicinterestsandthelike.no,itwasHelen",1
0,"s facethatlaunchedthoseships,notpower-hungrybastards.’saplaguegoingon?,itmustbeallofthosecourtesans.unrestandhorriblelivingconditions?,ithadtobewitches,didn’tit?hadpersonallymadesurethatallofthose“lovely”Inquisitionpeopleweregiventhe“best”spotsHell",1
0,had tooffer.themavisitquiteregularly.shehadwitnesseditthroughouthistorytimeandtimeagain.beingsoldorexchangedascommongods.beingproperty.beingstonedtodeathforthesimplefaultofbeingawomaninthefirstplace.supposedthingsweregettingsomehowalittlebitbetternow.0.1%sinceinthebrighteraoftheinternetsomethinglikevictimshamingstartedhappeningallovertheplace.ofthosebloodyhashtags_.Crowley,1
0,"said thatheinventedthose.retrospecthehadbeenlyingthroughhisteeth,_thatsoftsonofabitch_.hadalwayshadasoftspotforthe_hah!_gentlersex.afuckinglaugh,eventhat_.Maybe",1
0,"she enjoysgettingroughedupabit,ain’tthatright,mah’‘Andnowthat’tcareaboutprotecting‘eranymore…’Thatdidit.eyessnappedopenand-ifonelookedatherclosely-theycouldseetheywereallbutblazingred.’dshowthemgentle_.maybeamillisecondshegrabbedatthesignpolemaybeameterawayfromherandsnappeditinhalf.’salittleirontoapowerfuldenizenofthe_Thenshespunonherheelsandswungithardatthefirstdemon’shead.veryfamousbaseballplayerswouldhavepaidhergoodmoneyforsomelessons.crumpledtothegroundwithanobviouslybashedinhead.givingthemanytimetorethinkorregroupsherolledthesignpostaroundsothatthestickyendwasinthefrontnowandpushedithardintotheseconddemon’sstomach,impalinghimtothesideofabuilding.thoughtitwaswedgedmaybehalfameterdeepinthebrickworkaswell,shewasthatangry..felttheheatallaroundheranddrewitin,deeplyinhalingasshedidso.thirddemonquicklyrealisedwhatwasabouttohappenandstartedtodrawbackinthealleytheycamefrom.wereonlytwoproblems.firstonewasthatwhenBeelzebub",1
0,"fixed hereyesonhimhebecamescaredshitlessandapparentlycouldn’tproperlycontrolhislegsanymore,sohestumbledbackwards,continuingtoretreatbypushinghimselfbackwiththeheelsofhishands,allsprawledontheground.secondonewasthatthiswasadeadend.Beelzebub",1
0,smiled widelyandnotatallpleasantlyandthenblewdownovertheterrifieddemon.eyedtheothertwoanddidthesame.thingshewantedwastohavepeoplemakinginquiresabouttwodeaddemonsinthemiddleofbroadcastingitalloverthefuckingnews.didn’tdoanythingaboutthetrafficsignandintheweeksthatfollowedtherewasquitealotoftalkgoingononTwitteraboutsuperheroesormutantsbeingathingasalotofpictureswerebeingexchangedandretweetedwithastopsignwedgedquiteforcefullyinthesideofabuilding.shecouldn’tbebotheredaboutthat.hadplacestobe.tempt.brushedthenone-existinglintoffoneofhershouldersandheadedtoJamesShehadunconsciouslycrossedherarmsacrossherchestandfrowned.Bee,1
0,"? ’‘What?’Sherealisedshehadn’tpaidmuchmindtowhatthebeensayingforthelastcoupleofminutesandjerkedinsurpriseashefeltahandonherforearm.didn’tmuchlikewhenpeopletouchedherwithoutherconsent.wasveryobvioustoherwhythatwas,ifwewentbyherinteractionatleast.Iseverythingalright?mentioneddemons.storytime.’‘What?,Idon’twanttotalkaboutitanymore.’‘Areyousureaboutthat?’‘Ijustdiscorporated3demons..’‘Whathappened?theytrytohurtyou?itaboutwhatyousaidbackthen?Hellwantingyourheadonaplatter?youneedtobemorecarefulifthat’strue.theCouncilthem?’‘Aren",1
0,"t youactinglikeamotherhen?,theCouncil’tsendthem.,iftheydid,theyareevenstupiderthanIthought.tookmeminutes,theCouncilyouroyallyfuckedupandtrustme,_theydo_,theyshouldtrytodobetterthanthat.’‘Butaren’tyou-’‘ItoldyouIdon’twanttotalkaboutit.’Shesawthismomentasgoodatimeasanytobrushthetipofherbootonhiscalf.Um",1
0,", ’hegulped.Iwouldliketotalkaboutotherstuff,ifyou'reareamendable.’Henodded,desperately.First",1
0,"of ishowcanyouevenstandthesethings?’‘Huh?’Shepointeddownatthesuit.drewhisattentiontoityetagain.They’reuncomfortableandtheychafe.’‘Whydidyoubuyanythen?’‘Aaaa…feltliketryingitout.itsucks.’‘Gobacktotheusual,then.lookedgoodinyourusualclothes.’Shefoughtbackalittlesmile.Don",1
0,"t youlikeit,then?’Hecouldn’thelpbutlethiseyeswanderdownwardsyetagain.Ido.ifit’suncomfortable…’‘",1
0,", howquaintofyou,_sweetArchangel_,’shedrawled,sarcasmdrippingoffhereveryword.handslappedthetableandhestaredatherwithwideeyes.Say…saythatagain.’‘Quaint?’‘No…theotherthing.’‘Oh,there’snoneedtoworkyourselfuplikethatallbecauseofsomemeaninglesswords.couldgetworkedupaboutother…_thingzzz_,’sheleaneddownandcuppedhiskneeunderthetable.Nhhh.",1
0,"I couldshowyou,ifyouwanted?’‘Nhhhhn",1
0,", ’henoddedfuriously.There’sabackalley,justbehindthepub.we?’Henoddedsomemore.AttheendofthedayhefoundoutthatevenbeingArchangelfuckingGabrieldidn’tstandinthewayofgettingpinnedtoawall.sinceBeelzebub",1
0,"was doingthepinning_.hadalmostmeltedandlosttheuseofhislegsthemomenthimforcefullyagainstthewallinthedirtybackalleyandthethoughtofhimsullyinghisdesignerclotheswasquicklysilencedasshestarteddoingsomeungodlythingstothesideofhisneck.wassureitwouldleavealotofbruisingandpossiblybitemarks.hadalsomanagedtoplaceakneejust….hmmm…just…soandwow,wassheworkingthatkneewonderfully.handsweregrippingatthebrickworkandhesupposedhemanagedtocrumblemorethantenofthebricksunderneathhisfingers.wasalsothesubjectofanotherbutnoneofthemcouldbebotheredwiththatatthemoment.Bee…please…’_Oh,yes.!_Shesmiledagainstthesideofhisneckasshepulledback.whinedandthrewheradesperatelook.Oh",1
0,", we’llhavenoneofthat.all,oneofthesevendeadlyones.patienceisavirtue,no?’‘Virtuesareallassholes,’hemanaged,panting.Everybodyknowsthat,eh?’‘Bee…’‘Enough.willbegoingand-’sheswattedatoneofhishands,‘youwillbeleavingmealoneifyouknowwhat’sbestforyou.’Shelookedhimupanddown.lookedpositivelywretched.Don",1
0,"t pout,fiveo’clock?’Heclosedhiseyes,sighedandthennodded.Ormaybeevenbeforethatifwerunintoeachother.quitelikethepark.geeseareparticularlydemonic,’shesmiledapredatorysmileathim.Ifyoucanspotme,whoknowswhatcanhappen.couldbefun.propergameofcatandmouse,that.’Theybothknewwhothecatwouldbeinthisparticularscenario.Hevisitedtheparkeachdaylookingforherdesperately.wasstartedtorealisebynowthatitmightallbearusetomakesurehe’sproperlyinvestedinthiswholegamethingwhileshesatbackathersandwasprobablylaughingathim,doingwhatinthemeantime.Satan",1
0,"knows what..diddoinhersparetime?.hadpromised,hadn’the?wasn’tverygoodatkeepingthatpromise,itturnedout.wasneartheendofhisstrollthroughtheparkwhenhehadalreadygivenuponmeetingwithherthinkinghemightindulgeinspendingafortuneonadesignersuittosoothehiswoundedegowhenhesensedsomeHeavenlypresencesabout.downheprayedthatshewouldn’tshowupatthisparticularpointintimesincetherewereangelsabroad.byMurphy",1
0,"s shouldbetheexactprecisemomentthatshewould,byallmeans,showup.didn’tknowaboutMurphy",1
0,s lawsbutsawtheentirethingassomethingthatcouldhappentohimbecauseapparentlyGod,1
0,"hated him,orsomething.didn’tbelievein’lawssothereforedidn’tshowup.lethissensesspreadinsearchofthatparticularangelicbeacon.shonebrightlyformthecafénearthelake.shone.weretwoofthem.thisbetheequivalentofthedemonicgangthatBeelzebub",1
0,"had beensoverycasualabout?__Nomatter_.feltthemfirstandhewasreadytotakebothofthem,headon.washeeventhinkingabouthisangelicbrethrengoingdown?_Theyneveractedlikewhatuntilnow.wasnoreasonforhimtofeartheotherangels.there?,Beelzebub",1
0,"was surelymakingawholethingoutofit._Maybeshewastryingtoturnhimagainstmadehimsadforareason.meansure,shewasademonandall.hereallyenjoyedtheirbanter._Well",1
0,", herbanter._Shehadacharmingsmileevenifitwasalsoterrifyingattimes.lastencounterhadbeenparticularly…hmm…_pleasant_.didsupposeitcouldhaveallbeenpartofaruseandcouldn’thelpbutbealittledisappointedinthat.ifshejustwantedtoplayhimlikeafiddlesurelytherewereotherways.wouldn’thaveproposedweeklymeetings.wouldn’thavestoppedwhattheyweredoinglastcouldhavehadhimonhisknees.have_.hewassureshewaswellawareofthefact.wouldn’thaveadmittedtohimofbeingterrifiedofthepeoplefromshowedatleastabitof…_trust?_Heneededtofocusontheangelsatthemomentandtakehismindoffherorhewouldnotbeabletoconcentrateonthetaskathand.heneededtofocusifotherangelsplanedtodiscorporatehim.lookedaroundandspottedatasmalltablenearthelakeandhavingtea.lookedveryoutofplaceanddrewattentiononthemselveslikeanelephantinachinashop.Gabriel",1
0,wasn ’tthatobviousanddespitehisveryhighselfesteemhedidknowhedidn’texactlyfitinonthatwell.twowerebasicallywavingneon-litbannersovertheirheadswithhowoutofplacetheylooked.Raphael,1
0,was lookinglikeastereotypicalspyfromallofthoseshitmoviesGabriel,1
0,had startedwatchingtostaveoffhisboredom.haddarksunglassesandaform-fittingblacksuit.evenhadaleatherbriefcase.Gabriel,1
0,wondered ifitwouldbefullofexplodinggumpackagesandpoisonousinkpensifheweretoopenit.lookedlikeit_.Jophiel,1
0,"looked likesomethingoutofa1960’smovie.borearedsilkheadscarfandapairofcat-sunglassesaswell.sheworeapolkadotdresswithamatchingredribbonforabelt.lacegloves.theytryingtotakeapageoutof’bookabouthowtoseemconspicuousasorwhatexactlyweretheydoing?Whatareyoudoingdownhere?’hecouldn’thelpbutfrownatthem,handsacrosshischest.madeadecisionandhemadeitquick.eventhatmuchofadecisiontostartwith.neededtoprotectmatterwhathertricksandschemeswere.thatmeanthavingalotlessangelsaround.Oh",1
0,", Gabriel",1
0,"! apleasantsurprise!unexpectedtoo.unexpected,isn’tthatright,’Jophiel",1
0,exclaimed onaveryloudtone.wavedherhandsaboutsoastomakesureshegatheredalloftheattentionshecould.peopleatthetablesaroundeyedthethreewarily.Oh,1
0,", yeah.unexpected.werejustheremindingoutownbusinessandwejusthappenedtorunintoyou.,youranintous,’Raphael",1
0,"announced onanequallyloudtone.Whatthethis?’‘Ohhowwonderfultorunintoeachotherlikethat.unscriptedtoo,’",1
0,"spoke loudlysomemoreasshepushedbackachairandpointedatitforsitdown,allsmiles.seemedreluctant.loweredhersunglassesjustalittleandlookedfromhimtothechairinaverydefinitivemanner,lipspursed.rolledhiseyesandsatdown.Nowlistenhere,youfucker,’Raphael",1
0,"whispered throughgrittedteethasheleanedinoverthetable,‘Idon’tlikeyouandyoudon’tlikemeandthat’smorethanfine,butMichael",1
0,seems tohavegottenquitegreedywithpowerbackthatcomestomindsothatwecanstopher?’‘Michael,1
0,", youguys?on-’Gabriel",1
0,snorted andcontinuedspeakingonanormaltoneofvoiceonlytobeshushedbyRaphael,1
0,"s murderousexpression.coulddomurderousevenwhilesportingsunglasses_,thebastard.thesametimeJophiel",1
0,"announced loudlythatOh’ssogoodandnotatallplannedtogettomeetupwithyou,’Andthenthrewhimanotherpoignantlookovertherimofherownglasses.werebothgivinghima,soimpromptumeetingitwasthen_.Whatisit?’hehissedatletthehookforthetimebeing.likedhadthesameimpeccablestylethathedid.moreimpeccablethanhis_,asmallvoiceventured.didn’tlistentothatvoice.ofindeed_.ontheotherhand,well,Raphael",1
0,"was acunt.Whatisit–hesaysaftermakingoutwithademoninaback-alley.tookallthefavourstoscoreovertheyearsforhertobeabletodeletethatfile.Gabriel.,shit_.Upstairsaretryingtohelpyououtandyou’restillbeinganabsolutewankeraboutit.’‘Youlistenhere-’‘youlisten-’‘Shutthefuckup,thebothofyou!’Jophiel",1
0,managed throughgrittedteeth.bothstaredather.Wecamedownhereforareason.Michael,1
0,"wants torestructureourwholelot.havebeenlotsoftalkofdowngradingthereareafewfactionsthatalreadytalkaboutopenrebellion.ofthemwascaughtredhandedand…they’ttreatedthemverywell.knowhowshealwaysgetsherwaywhensheputshermindtosomething.theanyindication,atleast.youhelpoutornot?’‘She’sdoingwhatexactly?Michael",1
0,"can ’tpossibly-’‘Shecan’t,canshe?thattothetenwhosewingshavebeencutofflast‘",1
0,"? _’‘Exactly,youidiot.’‘Raphael,Iswear-’‘Shutit!bothofyou.’realreadydrawingattention.’‘Wellyouweretheoneshoutingearlier.’‘Yeah,togetcaughtonthewhileIwasbeingsurprisedtohaverunintoyou..’‘Oh,_right_.’‘Ihatetoagreewithyouareanidiotattimes.Gabrielhismouthtoprotestbutthensawherexpressionandcloseditagain.agree,asif.’malwaysrightaboutthings,’Raphael",1
0,smirked .earnedhimashoetotheshin.Gabriel,1
0,winced thinkingabouttheneedle-thinheelonJophiel,1
0,s stilettos.Iamdonebabysittingyoutwo.Behave,1
0,"and maybelet’scomeupwithaplan,ratherthanpettyinsults,hmm?’‘Idon’tseehowmuchhelpIcanbe.’vebeenorderedtostaydownhere,’",1
0,"sighed andpinchedthebridgeofhisnose.Wonderedaboutit,actually.,here’smyexplanation.’‘Yeah,shedoesn’twantyouinterfering.’‘Notthatyoucoulddomuch,anyway.lackthebraincapacity.’Awarninglookwasthrownatthreatenedwithanotherheelkickunderthetable.alright.don’tknowwhattodoeither.’vetriedspeakingtotheothers–onthehush-hush,ofcoursebutweseemtogetnorealresults.ofthepapersaresignedoffbythenoonewantstobudge.,thereweresomewhodid,butlookwhathappenedtothem.’‘ThePrincipalitieswereourfirstthought,obviously–butscaredshitless.usthathehasnointentionofgettingcourt-martialed,’Jophiel",1
0,sighed .Thewilling–theyalwayshatedMichael,1
0,"for somereason,butthey’retheoneswhohavethemosttofear.’sdeadsetagainstthem.anyway,they’remadeforsingingpraisesandcreatinggalaxies,they’renotmadeforwar.’‘War?itthatserious?’‘Ifitherway,thenIguessnot.andkeepingyourheaddown,morelikely,’Raphael",1
0,"managed throughgrittedteeth.Itcan’tbethatbad,canit?’‘ThePowersareout,theout,the’‘TheVirtuesarecunts.’‘Precisely.out.’‘WeonlyhavePravuilonoursidefornow.’sjustthreeofus.ifyoucaretojoinus?’theandshesoundedreallyhopeful.Whatabouttheothers?’‘Ariel’sinthemoment.’replanningonspeakingwithhernext.Idon’tknowhowmuchhelpshe’llbe.hasn’tbeenbackinawhilenowandlasttimeshecheckedinshesaidshe’sjustgoingtofocusontheanimalsforabit,screwthankyouverymuch,’Raphael",1
0,"casually saidasheinspectedhisfingernails.Well,notinthosewords,youknowcouldn’tswearforthelifeofher.Couldn",1
0,t evenhurtafly.’‘AzraelisflyingabitundertheradaratthemomentandChamuel,1
0,"will surelymilitateforpeace.’‘Whichissurelythebestthingtodo,’Gabriel",1
0,"offered .Well,well,lookyhere,mister-I-threw-a-fit-when-Armagedon-has-been-averted.’‘ThatwastheGreatWarbetweengreatestswornenemy!isamongourselves–it’snotthesamethingbyalongshot!’TheironyabouthimactuallythinkingofdiscorporatingtwoangelsearliertoprotectacertainPrinceofcompletelylostonhim.Raphael",1
0,s smilewidenedasthecatthatgotthecanaryandpulledoutafilefromhisleatherbriefcase.Gabriel,1
0,"wondered ifithadpoisonededgesorwhateverotherstupidstuffthosepeoplecameupwithinthosemovies.openeditandstared.no,thiswasfarmoredangerousthanthat_.lookedatthemboth,wideeyedandmouthagape.Ididsayitfromtherecords.didn’tsaythatIhaven’tmadecopiesofit.’Hestareddownatthepicturesandfoughthishardestnottothrowup.exactly_,hewasstillunsureofsincethelastgrossmatterhehadingestedhadbeenthatcocktailago.Andyoumeantousethisas…’‘Insurance.",1
0,"This isbribery,plainandsimple.’‘Don",1
0,"t lookatme,’",1
0,said withahurtexpression.I’mreallynoton-boardwiththisbutwedoneedyou.’ThePowersthatBe,1
0,"decided thatthiswasthebestpossiblemomentforhisphonetostartringing.onlygotcallsfromso,ontheonehanditmadeperfectsensetoansweritorotherwisetheywouldgetfunnyideas;ontheother,thiswastheabsoluteworstmomenthisphonecouldring..tookitoutandstaredintentlyatthescreenbeforedecidingwhattodo.somereasonitbuzzedslightlymorethanusual.Go",1
0,"on then,’",1
0,urged .Gabriel,1
0,"picked upthephone._Oh,hithere,youwanker.justthinkingaboutourlastmeetupandthoughttocheckuponyou,maybemakesomeplansfor…nexttime.thisabadtime?_’‘",1
0,", no.’Raphael",1
0,took thephonefrom’limphandandplaceditnearhisear.Hello,1
0,", Lord",1
0,". pleasure,asalways.likedarlingheresaid,notidealtiming.Cheers.",1
0,"’ Hethenplacedthephonesquareinthemiddleofthetable,hishandstillhoveringoveritslightly.Soareyouinorareyouout?’‘I…’Gabriel",1
0,"stammered ashewaslookingdownatthephone.don’tcareifyoushagadifferentdemoneverynight,maybehavealovelyloveaffairwith,even.dowhateveryouwantwithit’snotevenaboutthat.’saboutwhathappensbackhome.orout,’‘I…Lucifer’sgone…’hesaidatalossofanythingelsetosay.He’s_what_?’Jophiel",1
0,exclaimed andnearlyshotupfromherseat.Oh,1
0,", Raph",1
0,", thisissomuchworsethanwethought…’‘Iknow.thisiswhyIneedthatanswer,’",1
0,"said ashewavedthefileabout.So,areyou-’‘In..’min.’‘WhatIdon’tunderstandiswhysendthereinthefirstplace?’Zaphiel",1
0,"asked asheblewinhiscupoftea,tookasipandthenproceededtoburnhistongueanyway.didn’tmatter_.thingwouldtastelikewetcardboardeitherway.What_I_don’tunderstandiswhywehavetolistentobloody’rethehighestchoirofangels,forcryingoutloud!’Seraphiel",1
0,"added asshelookedataslightlyraisedeyebrow.wasthepictureofdivinegrace,withlongsilveryflowinglocks,thecolourofmoonlightitselfandwithdeepblueeyes,sodarktheyresembledthedeepestwatersoftheocean.,_had_beenthepictureofdivinegrace,upuntilagowhenshesippedhercoffeeandscowled.Whoevenbringsthisawfulshitein?’sheaddedlookingdownatthemugwithdeepdisgust.was,notthesoundtrackofdivinegraceasshehada…let’ssay…_colourful_approachtolanguageatthebestoftimes.That’sprobablylotisinchargeofthat,Zaphielonareprobatorytone.wasprobablyabouttheswearing.tendedmoreoftenthannottobeabouttheswearing._‘Mmmhm,’",1
0,replied intelligentlyasshefinishedslurpingoverhercupofinstantnoodles.Oh,1
0,", andthoselookfuckingdisgusting,Pravie.",1
0,"They wereallinthebreakroomandponderingoverthequalityofthefoodanddrinks.,were_atleast.Pravuil",1
0,liked hernoodleswellenoughandshealwayshadavastsupplyofthemaroundseeingasshewasprobablytheonlyangelthatactuallythoughtthemtobeatalledible.shedidknowbetterthantoactuallytrythetea–pre-packaged;orthecoffee-instant;sotherewasnotmuchponderinggoingonherpart.onlyshruggedinreturnwithherbrowsknittedoverinthoughatthepreviousquestions.lookedatthetwoangelsbeforeherandwonderedifshecouldtrustthem.seeingastheyweretheonesmostimpactedbyMichael,1
0,"s suddenpower-grab,shesupposedsheshouldtryto,atleast.Ithinkthereinliestheproblem,’shesaidasshechewedonthenoodlessomemore..favourite_.wouldhavebeenverysadwereshetofindoutthatthosenoodleshadneverseenashrimpintheirlife,orevenheardwhatthosewere,forthatmatter.thattheytastednothinglikeshrimptobeginwith.Withthenoodles?’",1
0,"asked ,confused.Notwiththefuckingnoodles,_obviously_!thinkshewastalkingaboutthe..._youknow_...importantbits,’",1
0,scoffed somemoreasshepouredhercupofcoffeedownthedrain.Thistasteslikesoddingsewagewater.’‘Iwas.’rebothaboverank.thesawthemselvesasMaster.,1
0,"s…um…dangerous talk,’",1
0,"said ashebithislip.wastheheadoftheallinallawonderfulchap,butawfullyfretfulatalltimes.wasdarkblondeandhadamassofcurlsthatwouldputmosttoshame.damnwellshould_sincehewastheinspirationmaterialtobeginwith.hewasrathershortandplump,asanyproperbe.wasalsoveryopinionatedandhadhad,overtheages,alotofdebateswith.thatshehadlostmostofthetime_,despitehersuperiorknowledge.wasjustveryconvincing_,that’sall.lotofspatswithwellseeingastheywerebothvery_very_bored.theangelsunderyourcommandaretaskedwithsittingaround–orflyingaround,in’case–God",1
0,"s thronewhilesingingHerpraises,thefactthatthere’snoanymoresortofleavesyououtofajob.lotoftimeformindlesssquabblesclearsuponyourcalendar.Listen",1
0,", Ididn’tmeantoimplyanything,I’llleaveyoutwobe.havethingstodobackintheArchives,anyway,’",1
0,backpedalled assheknewshehadputherfootinhermouthandthiswasbetterleftunspoken.Seraphiel,1
0,"snapped herfingersandthedoorofthebreakroomswungclosedwithaloudthud.thentherewastheclickofalock.arsedown,Pravie.",1
0,", _really_?withtheswearing?’‘What?‘arse’?’sapartofanatomy,notfuckingswearing.,thatlastbitwas.enoughwithyourlittleconsternations.’veknownmeforalongwhile.knowIswear.getusedtoit.crossedherarmsoverherchestandthrewapointedlookatoneofthechairs.,youwouldthinkonecouldleaveanangeltofinishtheirnoodlesinpeace,’Pravuil",1
0,"put thecupdownonthecounter-topandliftedherhandsupindefeat.shewentovertothetableandthrewherselfdownononeofthechairswithmoreforcethanactuallynecessary._So_?’‘Sowhat?weretheonewithallthequestions.’‘Um...yeah,butyou’retheonewhoactuallygetstoseethoseblastedFiles.spillit.’Shelookedwithapprehensionatthetwoofthemandtookamomenttodecidehernextmove.it!_–herbrainprovidedasapparentlyallofhercommonsensedecidedtotakeavacationonatropicalislandorsomething.’replanningonmakingFall.’‘Whateverformeanhe’sabloodysod,butthat’sabitharsh.’‘I’mtryingtofigureitoutmyself.officialreasonwouldprobablybethathe’sfr…_well_,I’msurethey’llthinkofsomething,’shestoppedherselfshort.didn’tknowhowmuchtrustshecouldputinthetwo.neverknewthatindays_.wouldalsokeepquietaboutdidn’tfeellikeincriminatingmorepeopleiftheyplannedtoFallheroranything.I’mlookingforthe,though.ItriedgoingbackinthelogsasfarasIcouldbutthere’snomentionsofthefirstyouknow?findthathighlysuspicious.’_Itwasindeedsuspicious_.wastheonlyangelwithcompleteauthorityovertheifshewasjustaThroneherself.sheshouldhavehadaccesstothosefilesanddidn’t.lookedliketheyneverexistedinthefirstplace.hadstruckherasoddatfirst.likethatshoulddefinitelyberecorded_.thenshedugupsomemoreanditlookedliketheyhadbeendeleted.wasdoubleoddsinceshewouldhaverememberedthat,wouldn’tshe?_‘thatsoundsfishyasfuck,’",1
0,commented withherhandsfirmlyplacedonherhipsbynow.didn’tpayZephiel,1
0,"s witheringglareanymind.Isupposeitdoes,’Zaphiel",1
0,"admitted lookingslightlyguilty.Itstilldoesn’texplaintheabsolute…travestyhappeningnowadays.’_Travesty_.,shehadthem!ofthem_.hadtriedtofindpowerfulalliesforthelast.onlygotto,havingboththerulersoftheandCherubimyoursidehadtocountforsomething.threwthemawidesmile.eyedeachotherwithaslightlyraisedeyebrowandexchangedaveryloadedlook.Pravuil",1
0,"wondered iftheywentatitbehindcloseddoors.probably.__Werethoseclouds?that…wasthatmusic?__Theyfrownedforabitandopenedtheireyes.theywereperchedatopacloud.couldseeangelswithharpsflyingaboutlikethiswassomedamndaybeforecreationitself.hadsomehowbeenkidnappedandtakentoitalllookedwrong.itwasallcorporatebullshitandthree-piecesuits.inthisparticularsituationalloftheangelswerewearinglongbillowyrobes.__Theylookeddownatthemselveslookingforanythingtheycouldbrandishasaweaponbeforeitwastoolate.knewtheycarriedashivcarefullytuckeredinahiddenpocketontheirthigh.couldneverbetoocarefulsurroundedbyallofthosebastards.were-_surprised_\-wasputtingitmildly,torealisetherewasnotonlynoshivbutactuallynotightleathertrouserstobeginwith.wereinsteadcladinsomesilveryrobesadornedwithintricatepatterns.scowled.silverpatternsalsocoveredtheirbarearms._Thiswassomebullshit_,righthere.__‘Hellothere,’theycouldhearacheeryvoicebehindthembutwhentheyturnedaroundtotellwhoeveritwasthatspoketosodofftheyonlymetkind,forget-me-noteyesandawidesmile.__‘YoulookedlonelysoIthoughI’dsayhi.allofushavebeenassignedaproperfunctionyetsoI’vebeenflyingaroundmakingsuretheydon’talldespairbeforetheygetaposition.’__Theylookedatthenewcomerassuddenunderstandingseemedtowashoverthem._wassomedamndaybeforecreationitself._Buggerthemforalark_,theymustbedreaming!theyneverdreamed._Firsttimeforeverything,huh_,theysupposed.withthefailedallofthat.__‘Whatisyourname,Mine",1
0,s Kokabiel.,1
0,"_Their eyesmusthavebeenaswideassaucers.shiverwentdowntheirspine._Thiswasn’tright…anArchangel??glanceddownattheirhandssomemore.theyfeltasharppaincoursethroughoneoftheirtemplesastheystruggledtoreplytothatquestion.theystruggledtoremember.__‘Vretiel,’theysaidwithagasp.Listen",1
0,", istheresomethingonmyface?’__‘Whatcanyoupossiblymean?coursethereis,silly!marksof.’reallsilveryandratherlovely.’__‘Silvery.,_right.’__‘Issomethingthematter?likemygoldenoneswellenoughbutsilverisjustasnice.’__‘Yeah,right..myeyesallweird?’__‘What?’__‘Weirdeyes?’__‘Um…inthemannerthatalleyesareweird…?’__‘Fangsthen?’__‘Whatareyouonabout,’reactingratherweird.’__‘Sharplyfiledteeth,hundredsofthem.’__‘Wha-Godno!’theotherangelraisedherglanceupwardsandpresentedasmallapologeticsmile.Sorry",1
0,"to disturb,takenbysurprise,that’sall.havetherightamountofteeth,’",1
0,"said asshestartedcountingteethonherfingersbutgaveupwithanotherbrightsmilequickenough,‘howevermanythoseshouldbe.’__‘Ineed…Ineedamirror.’__‘Whatarethose?’__‘Huh,Isupposedtheyhaven’tbeeninventedyet.’__‘Youareanoddone,I’llgiveyouthat.care.’lltalktoyousoon,’",1
0,said asshesqueezedVretiel,1
0,s shoulderwithanotherbrightsmile._***Dagon,1
0,"woke upwithayelp.,_tobefair_,thatwasmorebecausetheirchairthattheyhadbeencasuallybalancingononlytwolegswhiletheirownfeetweresittingcrossedoverthedeskgavewayunderthem.theywerealsotakinganap_.thatwasentirelyonthem.Fuckingbollocks!’theyexclaimedastheymassagedasorebumandthebackoftheirheadthatwouldsurelyhaveaswollenbumpbytomorrow.Needanyhelp,m’lord?’‘Fuckoff,Ineedtoputupasign?’‘Whatwouldbethepoint?’Eric",1
0,asked ashestuffedhisfacefullofsomethinggross-looking.Doyoumeantosayyou’llignoreitoryouwon’tknowhowtoproperlyreadit?’‘Hey,1
0,", rude!’Dagon",1
0,"scoffed astheygottotheirfeetandthrewoff-puttinglook.theyhopeditlookedoff-putting._Ericdidn’tseemconvincedashesatcross-leggedonapileofwhatprobablywerealotofform9210-C’s.wouldburnallofthoseifgiventhechance,butnowEric",1
0,"was drippingfatalloverthem.theyhadtoatleastlookliketheyhadsomekindofauthority.sake_,theysupposed.Whatareyoueveneating?’‘Shawrma",1
0,. ’sverygood.shouldtryit.’‘You’redrippinggreaseallovermyfiles.youstillhaven’torganisedproperly.,1
0,"moved notjusthisgaze,buthiswholeheadinthedirectionofthebucketsittinginthecorneroftheroomandraisedaneyebrow.wasperchedonamountainoffilesandoneofthepipesaboveitwasconstantlydrippinginitmakingoneofthoseconstantbackgroundnoisesthatyoueithergotaccustomedtoorranmadhearingit.waslikethe,minusthefactthatyoursufferingnevergottoend.itonlytookalimitedamountoftimeforanyvictimtobedriveninsanebythatparticulartorturemethod.Hell",1
0,was eternalsothetimewasnotatallthatlimited.Dagon,1
0,just tuneditout.otherdemonsweren’tsoskilledindoingthatsotheymostlyleftthemandtheArchivesbe.Eric,1
0,just hadaveryshortattentionspansohedidn’tminditmuchsohecametopesterthemrathertoooftenforDagon,1
0,"s liking.theotherhand,hewasratherusefulinorganisingthefiles,especiallywhenthereweretenofhimaround.Yeah,that’sjusthowthingsare,Ican’tjustgototheCouncilaskthemtofixthepipes,nowcanI?’_Althoughnotforlackoftrying.havebeenquitealotofmemos.wereallsittinginaboxononeofthedesks._‘IcanhowevertellyoutostopeatingthatdisgustingshitinmyArchives.takeyourfeetoffthebloodydesk,’theysaidastheyswattedathisfeet._Hey_,youweredoingthesamethingearlier!’‘_My_Archives.files.treatthemhoweverIwantto,and,forthelasttime,stopeatingthat!’Ericgrinnedatthemandstuffedhisfacefulloftheresttheoffendingroll.moregreasedrippedonthefiles.Dagon",1
0,"sighed andsnappedtheirfingers._Oh,notfai_-’Eric",1
0,was silencedashewasengulfedinDagon,1
0,"sighed again,thistimealittlemorecontentandmadetheirwaytothecoffeemakerinthebackroomthatdidn’tworkmoreoftenthannot,and,evenwhenitdid,itrequiredacoupleofhardsmacksanditonlyservedsomethingresemblingmud-water.,theywereusedtoitbynow.startedponderingoverthedream.itadream?memory?ofboth?_Thatangelseemedveryfriendly.theyhadfeltanelectriccurrentthroughtheirwholebodywhenshetouchedtheirshoulder.didtheyremembertheirname?iteventheirrealname?itadelusion?_Theybroughtdowntheirfistacoupleoftimesontheantiquecoffee-menaceanditrumbledintoaction.wastosayitstarteddrippingsomesludgeadropaminute.liketheyhadanythingbettertodothanwaitforwhateveritdesiredtoservetoday._Lasttimeithadwobbledabitinthemugandyouhadtoscoopitoutwithaspoon.timebeforethatithadlookedlikethebottomofadinerfryingpanattheofverybusyweek.neverknewwhatyouweregoingtoget_.Hey",1
0,", boss,Iwasthinking-’achipperlookingEric",1
0,appeared inthedoorway.therenoendtothissuffering?_,1
0,", ofcoursetherewasn’t.wasHell._‘Forthelasttime,youtwat,Iamnotyourboss.didn’tIjustfryyourightnow?mustbegettingawfullysloppyintheDepartmentdays.usedtotaketofillalltheforms.’‘Oh,thatmustbeanothermecheck,’hesaidashepulledoutagrubbylookingflip-phone.Oh",1
0,", yeah.’sEric57.’‘Howmanyofyouarethere?’‘Dunno",1
0,since lordHastur,1
0,"seems tofryalotofuswheneverhefeelslikeit.’scheck.374atthemoment,itseems.’‘Andyouallcometoannoyme.’‘Well,you’retheboss.’‘Iam_not_theboss.mighthaveaskedsomeofyouonceortwicetoorganisethefiles.’sit.’Ericproppedhimselfuponthebackroomcounterandopenedapaperbag.Whatis_that_?’‘it’sthisglorioushumaninvention.theyarecalled.isapparentlyabacondeepfriedone.delicious,’Eric",1
0,commented gleefullyashedugin.moregrease.Dagon,1
0,"snapped theirfingersagain._Oh,comeo-_’Theysmiledwiththeirhundredteethastheyfriedthesecondtheandcupof“coffee”inonehand,stalecrumpetintheother,theymadetheirwaybacktotheirdeskandsettledontheirchairbalancingitontwolegsyetagain.neverlearned,didthey?_Thentheypickeduponeofthelatestmemosfromperuseditwithascowl.’squiteanintriguing,ifnothorrifying,picturetoimaginesomeoneinpossessionofasmanyteethashadwhilescowling.secondthought,we'dbetternottrythatatall._‘Fuck!’Beelzebub",1
0,yelled andshethrewherphonedownasifthemeretouchburnedherhand.somethingHoly,1
0,". _Fuck!_Aaaaargh!’Shehadjustwantedtorilethe.himalittle.thepotwarm,sotospeak_.shehadbeenratherbored.bored,whowasshekidding_.animmortalentitywithalotoftimeonyourhandsdoesthattoyou.ifyou’realoneonGabriel",1
0,"was beingokay-ishenough.thewaythatanyangelcouldbeokaytoademon.’showitstarted,atleast_.thenthestupidoafstartedgrowingonher.wascopiousfuntopresshisbuttons.hewasn’ttoobadtolookat.,forsomereason,heseemedtocareaboutherwell-being.wasno-oneasidefromevercaredabouther.hadn’tplannedonspeakingtoanyotherangels,though.nointentiontobedraggedin’dramasinceshehadherhandsfullwiththeoneinthemoment.evenwasthat?soundedlikeapropersnob.theirlittlefraternisingputrisktoo?sheselfishforpermittingittogooninthefirstplace?_Shewantedtocallhimbackbutfearedthatwoulddomoreharmthangood.shefrettedforabitandthenpacedforanevenlongerbit.wassheevenworryingaboutthesod?_Hewasanbornenemyandallthatjazz.wouldhavefoughttothedeathago.have_.shehadonlyspokentohimmaybetwotimesinthelastandalwaysinanofficialcapacity.hadspokentohimmorethantentimesinthelast.didsomelewdthingsinabackalleyinwasthataswell.hadbeennice.sincedemonsdidn’tdonice.,sinful_.wasit.heseemedsofamiliarsomehow…Herphonerang.Areyouokay?’shecouldhearGabriel",1
0,s voicefromthereceiver.Am,1
0,? Are,1
0,", youtosser?even_was_that?howdotheyknowIwastheonecalling?’‘ThatwasRaphael-’‘Hesoundslikeanevenbiggerwankerthanyou.Gabriel.leasttheywereonthesamepageaboutsomething._Hedidn’tevencareaboutbeingcalledawankerifRaphael",1
0,"was thebiggerone.thenhelethisinsaneamountsofhatredtowardsRaphaelpassandveeredhisthoughtstowardsthesituationathand.wasratherdire._‘TheyknowbecausetheycheckedtheArchivesforsomereason.ourlittlebackalley…_whateverthatwas_isnowsittinginafilein’bloodybriefcase.’‘No._no_.don’tgettogoandpointfingersaboutthat.werequiteawillingparticipant,asIseemtorecall.didn’tforceyouintoanything.’‘No,didn’tforceme.,morelike.’‘Oh…Isee.ishowwe’replayingit,huh?’shebittheinsideofhercheeksohardthatshedrewbloodtokeepherselffromscreaming.feltthebuzzcomingandtherewasnostoppingit..thatway.hereIwazzzactuallyworriedforyouforazecondthere.methere’snomoretemptingyouinto“thatwas”_comingfromme.youashitrezzztof,justsoyouknow,peopledon’tuzzzuallygiveintotemptationlikethatiftheydon’twantitinthefirstplace.Zzzo",1
0,"fuck off,wank-wing-’‘Wait!,please!didn’tmeanitlikethat!reallydidn’t.justmeantwe’dhavetobecareful.’mnotsurewhythey’rekeepingtabsonyouandI’dhateforsomethingbadtohappentoyouthat’sall.iftheythinkademontemptedme…Idon’tknowwhatwouldhappentoyou.’‘Wouldprobablygetacommendationoutofmylot,’shesaidbitterlyalthoughtheybothknewthatwasn’ttrue.Howaboutyou,then?’Thebitterandangrytonewasstilltherebutatleastshehadn’thungupthephone.I’llbejustfine.’mArchangel",1
0,". cantheypossiblydotome?’Theybothknewthatthereweremanythingsthatcouldbedonetohim,butfailedtocommentonthattoo.wasapause.Socanwemeetup,please?private.?’‘Yeah,whatever.knowaplace.’lltextyoutheaddress.’llgetthereateight.sureyouarriveatatleasteightthirty.’‘Um,yeah,sure.yousay.’‘Good,’sheaddedabittooharshlyandhungupthephone.ItwastwentyminutespasteightandGabriel",1
0,"made hiswaydownthenarrowstaircaseintowhathecouldonlyassumetobea…_club-wasthatwhattheycalledthem?_Andthen-havingtotryandnavigatethroughacrowdofpeoplewhoseemedabittooinebriated,judgingbytheearlyhour,atleast-hetookalookaroundtheboothsonthefarsidelookingforOverhere,yousod.’Hewashappytobecalledoutdespitethechoiceofnamesincehewouldn’thavespottedherinthedim-litroomotherwise.wasdressedallinblack,_ofcourseshewas_,butshesportedaloose-fittinghoodieandhadthehooddrawnoverherhead.alsoworelargerippedjeansandthefishnetstockingsthatheconsideredbrand-bookBeelzebub",1
0,", bynow.thewholeensemblewasalltiedtogetherbyalargepairofflysunglassesthatcoveredmorethanhalfherface.lookwasabitmorefamiliartohimthanthosesuitshadbeenandhefounditslightlyendearing.wasveryher.??agriponyourself!_‘IswearbySatan",1
0,"’ sballsthatyouaren’teventrying,’shesighedasshepointedherhandathisclothes.Comingintoaclub,dressedlikethat.youbeanymoreobvious?tomentionit’stwentypast.didI_specifically_tellyou?’‘Well,I’msorry.gotheresoonerthanIthought.’Thefactthatthereasonbehindthathadbeenthathewantedtomakesurenothinghadhappenedtoherwasnevermentionedintheconversation.Well,you’reherenow.down.’Hesatdown.thenlookedatherwaitingforhertosaysomethingmore_.,really_.didn’t.Ialwayswonderedaboutthat,youknow,’hesaidashefiddledwithoneofthecoastersonthetable.wassticky.didn’tmattersincehewantedtokeephishandsoccupied.Boutwhat?’‘Thatexpression.Satan",1
0,s balls.veryspecificthingtobementioning.stuckmeasodd.’‘Oh.wasaratherdulldayonthejob.Lucifer,1
0,"was beingacuntandwethoughlet’sbringhimdownapeg.sortofhappened,Isuppose.wasverypissedaboutitwhenitstartedtakingoverhereaswell.forayear.’reverygoodatannoyingtheshitoutofeachotherdownthere.’‘Ibetyouare.withthejob,really.",1
0,"She threwhimawitheringlookbutquicklyrealisedthatwasabitlostonhim,whatwiththesunglassesandall.couldn’tmakeoutifhemeantitasaninsultoracompliment.So.totellmewhatwe’redoing?thisis?thefuckI’mbeingfiguredin’especiallysincewhenissomesodcalledanevenbiggerstickshoveduphisarsethanyoupickingupyourphonecallsandhangingupthephoneonme?’‘Well….rememberwhenItoldyouMichael",1
0,told metostaydownhereformyowngood?’‘Yeah,1
0,", that’sabitonthenose.Michael",1
0,"never gaveashitaboutanyoneelseratherthanherself.abouteverythingelsebutherselfmaybeabitlessthanthedirtunderherpinkiefinger.thattherewouldbeanydirtthere.’‘Whyareyousosetuponyouevenrememberheratall?saidyoudidn’t…’‘Noneedtorubitin,yougit,’",1
0,said asshecrossedherhandsoverherchestandstartedstaringattheceiling.Just,1
0,"a gutfeeling,Isuppose.don’ttrusther.thatIgoontrustingmanyangelsingeneral.’‘Itseemsyourgutfeelingwasright,then.andJophielmetotellmesheisgettingabitpowerhungry.quitealotoflittlerebellionsarequenchedallaround.theyaskedformyhelp.’‘Sowhydotheyhaveapicturewithus,then?theywantyoutohelpthem.’‘Insurance.",1
0,"You meanextortion.’‘I…Iguess,yeah.’‘Aren",1
0,"t youallalovelybunch.halfamindtointroduceyoutothatcumstain’dallhititalonglikeahouseonfire.resortingtoextortion.that.next,demonspreventing-’Shestoppedherselfshortandstartedlaughinghysterically.Guess",1
0,"that happenedalready,huh?’‘well,nothingisatitshouldbeanymore.andCherubspersonallycalledout.Ihavetostaydownhere.abitofathreat.atleastthat’swhatMichael",1
0,"seems tothink,accordingtoRaphael.",1
0,"And youtrustthebastard?pullingthatshitonyou?’reevendafterthanIthought.’‘Idon’ttrusthim,ofcourseIdon’t!ItrusttheydidhavePravuilpullthatoutoftheArchives.",1
0,what you’resayingisthatMichael,1
0,and alltheothershavenoideaaboutallthis?’sjusttwomeaslyangelsoutofthewholebunch?cansummonyou_are_aware?’‘Whatareyou…_no_!ain'tdoingthat!’‘What?’llsolveallourproblems.’‘No!’s....no!’Beelzebub,1
0,"threw himaYouwereofa_very_differentopinionfourmonthsago.’‘Well…I…IguessIwaswrong,nowwasn'tI?thewholethingprovemewrong?plus,spendingtimedownhereprovedquite…insightful.’‘Dotell.’‘Well,thishumanitythinggrewonme.clothesarenice.soarethedevices.well…maybeIwasabittoorashaboutgottoexperienceallofitforquitealongtime.wonderhewantedtopreserveit.thelastspentdownhereIcansayIsympathisewithcaringaboutthedoingwhathecantokeepitgoing.’_Caringaboutcertaindemonswasverymuchleftoutoftheequation_.Funnyyoushouldsaythat.’‘Isit?’‘Figureofspeech.Ifeelthesameaboutthebit.maybethosetraitorousshitswererightallalong,eh?haveintervenedifShewantedittoend,wouldn’tShe?’‘Iguess?don’tknowanymore,isasitshouldbe.’‘Oooh,areyouquestioningnaughtyofyou,’shedrawledwithasmirk.I’mnot…Idon’tknow.isallsomessedup.amIevendoingsittinginanightclubacrossfromademontobeginwith?’‘",1
0,", asIseemtorecallit,itwasyouwhocameupwiththeinvitationforastart.cangetupandleaveatanytime,noone’sforcingyoutostayhereifyoufindthecompanysoabhorrent.’‘That’tthething.don’t.Don",1
0,"t knowwhy,butIreallydon’t.wasmeeachandeverytimethatreachedouttoyouinthepark.didIdothat?’‘Can",1
0,"t answerthatquestionforyou,nowcanI?whatarewedoing,nowthatyoudevelopedamoralfibre?’‘I’llgoalongwiththeirplan,Ithink.Ireallydon’twantthattostopusfrommeetingup.wouldhavetokeepitasecret,though.",1
0,s facewasexpressionlessbehindherhugesunglassesbutGabriel,1
0,"realised thatsomethinghehadsaidhadbeensomethingvery_very_wrongjudgingbythesetofherjaw.drummedherfingersonthetableassheseemedtomakeuphermindaboutsomething.Wellthen.Iwassaying,haveashitrestof’mnotwaitingaroundtobedousedinabucketofWatersomesecretmeetingswithyouindimlylitclubs.’sbeen…notawfullyniceknowingyou.you’reatotalwanker.’moff.’‘Whatdoyoumean_off_?’hegrabbedherhandasshegotupfromthetable.shoulddefinitelystopdoingthat._‘ImeanI’mnotriskingmyskinonlyformetobeadirtylittlesecretandyoutobetoomuchofawusstoactuallydoanythingaboutthepeoplewhotriedtoextortyouintosayingyestoopposingthatsheshouldn’tbeopposed.’sacunt.still.I’lltakeonvideogames.wasalwaysalaugh._go_,Gabe.",1
0,"He lookeddownathishandandforthefirsttimedidn’tfighttheurgetokeephishandrightthere.thisagoodidea?__No,probablynot._ButthenagainGabriel",1
0,had neverbeenknowntohaveverybrightideastobeginwith.lookedupatherandgaveahardtug.resultedinherfallinginhislap.Wha,1
